<AppLockerPolicy Version="1">
  <RuleCollection Type="Exe" EnforcementMode="NotConfigured">
    <FilePublisherRule Id="f493e22c-63a9-4811-ab94-c5d8a8a968f5" Name="BgInfo: Disallow old versions of Sysinternals Bginfo.exe" Description="Disallow Sysinternals Bginfo.exe versions 4.25 and earlier that aren't AppLocker-aware" UserOrGroupSid="S-1-1-0" Action="Deny">
      <Conditions>
        <FilePublisherCondition PublisherName="O=MICROSOFT CORPORATION, L=REDMOND, S=WASHINGTON, C=US" ProductName="BGINFO" BinaryName="BGINFO.EXE">
          <BinaryVersionRange LowSection="*" HighSection="4.25.0.0" />
        </FilePublisherCondition>
      </Conditions>
    </FilePublisherRule>
  </RuleCollection>
</AppLockerPolicy>